dataset,total_tokens,rug_flag_1,rug_flag_0,rug_flag_1_rate
train_2021_2023,7570,3231,4339,0.42681638044914133
validation_2024,27750,16233,11517,0.584972972972973
historical_2021_2024,35320,19464,15856,0.5510758776896942
heuristic_2025,37015,903,36112,0.024395515331622316
