split,rows,labeled,rug_rate
train_2021_2023,9563,9563,0.003764509045278678
validate_2024,53957,53957,0.01951554015234353
final_train_2021_2024,63520,63520,0.01714420654911839
forward_2025,11235,0,
